"COMPUTERNAME","OUPATH","ADDEDBY","DATEADDED","SUCCESSFUL","ERRORS"
"OLAB-TEST-001","OU=TEST-LABS,OU=CORE,OU=LABS,OU=COMPUTERS,OU=CUSTOM,DC=SGF,DC=EDUBEAR,DC=NET","RM-CORE-SAM","12/10/2020 12:07:38 AM","True",""
"OLAB-TEST-002","OU=TEST-LABS,OU=CORE,OU=LABS,OU=COMPUTERS,OU=CUSTOM,DC=SGF,DC=EDUBEAR,DC=NET","RM-CORE-SAM","12/10/2020 12:07:39 AM","True",""
"OLAB-TEST-003","OU=TEST-LABS,OU=CORE,OU=LABS,OU=COMPUTERS,OU=CUSTOM,DC=SGF,DC=EDUBEAR,DC=NET","RM-CORE-SAM","12/10/2020 12:07:40 AM","True",""
"OLAB-TEST-004","OU=TEST-LABS,OU=CORE,OU=LABS,OU=COMPUTERS,OU=CUSTOM,DC=SGF,DC=EDUBEAR,DC=NET","RM-CORE-SAM","12/10/2020 12:07:41 AM","True",""
"OLAB-TEST-005","OU=TEST-LABS,OU=CORE,OU=LABS,OU=COMPUTERS,OU=CUSTOM,DC=SGF,DC=EDUBEAR,DC=NET","RM-CORE-SAM","12/10/2020 12:07:42 AM","True",""
"DESKTOP-0BA2EP0","OU=HotSpares,OU=CORE,OU=LABS,OU=COMPUTERS,OU=CUSTOM,DC=SGF,DC=EDUBEAR,DC=NET","RM-CORE-SAM","12/10/2020 12:07:43 AM","True",""
"LIBR-0105-GA3","OU=LabAssist,OU=CORE,OU=LABS,OU=COMPUTERS,OU=CUSTOM,DC=SGF,DC=EDUBEAR,DC=NET","RM-CORE-SAM","12/10/2020 12:07:44 AM","True",""
"STUCOMP-JAMF","OU=HotSpares,OU=CORE,OU=LABS,OU=COMPUTERS,OU=CUSTOM,DC=SGF,DC=EDUBEAR,DC=NET","RM-CORE-SAM","12/15/2020 12:44:58 PM","True",
"GLAS-0229-LA1","OU=LabAssist,OU=CORE,OU=LABS,OU=COMPUTERS,OU=CUSTOM,DC=SGF,DC=EDUBEAR,DC=NET","RM-CORE-SAM","1/4/2021 5:51:21 PM","True",
"GLAS-0229-LA1","OU=LabAssist,OU=CORE,OU=LABS,OU=COMPUTERS,OU=CUSTOM,DC=SGF,DC=EDUBEAR,DC=NET","RM-CORE-SAM","1/11/2021 1:51:32 PM","True",
"LIBR-0105-LA1","OU=LabAssist,OU=CORE,OU=LABS,OU=COMPUTERS,OU=CUSTOM,DC=SGF,DC=EDUBEAR,DC=NET","RM-CORE-SAM","1/11/2021 2:03:02 PM","True",
"KARL-0231-001","OU=KARL-0231,OU=CORE,OU=LABS,OU=COMPUTERS,OU=CUSTOM,DC=SGF,DC=EDUBEAR,DC=NET","RM-CORE-SAM","2/24/2021 7:19:36 PM","True",
"KARL-0233-018","OU=KARL-0233,OU=CORE,OU=LABS,OU=COMPUTERS,OU=CUSTOM,DC=SGF,DC=EDUBEAR,DC=NET","RM-CORE-SAM","2/24/2021 7:20:22 PM","True",
"OLAB-TEST-001","OU=TEST-LABS,OU=CORE,OU=LABS,OU=COMPUTERS,OU=CUSTOM,DC=SGF,DC=EDUBEAR,DC=NET","RM-CORE-SAM","3/8/2021 7:06:47 PM","True",""
"OLAB-TEST-002","OU=TEST-LABS,OU=CORE,OU=LABS,OU=COMPUTERS,OU=CUSTOM,DC=SGF,DC=EDUBEAR,DC=NET","RM-CORE-SAM","3/8/2021 7:06:48 PM","True",""
"OLAB-TEST-003","OU=TEST-LABS,OU=CORE,OU=LABS,OU=COMPUTERS,OU=CUSTOM,DC=SGF,DC=EDUBEAR,DC=NET","RM-CORE-SAM","3/8/2021 7:06:49 PM","True",""
"OLAB-TEST-004","OU=TEST-LABS,OU=CORE,OU=LABS,OU=COMPUTERS,OU=CUSTOM,DC=SGF,DC=EDUBEAR,DC=NET","RM-CORE-SAM","3/8/2021 7:06:50 PM","True",""
"OLAB-TEST-005","OU=TEST-LABS,OU=CORE,OU=LABS,OU=COMPUTERS,OU=CUSTOM,DC=SGF,DC=EDUBEAR,DC=NET","RM-CORE-SAM","3/8/2021 7:06:51 PM","True",""
"DESKTOP-0BA2EP0","OU=HotSpares,OU=CORE,OU=LABS,OU=COMPUTERS,OU=CUSTOM,DC=SGF,DC=EDUBEAR,DC=NET","RM-CORE-SAM","3/8/2021 7:06:52 PM","True",""
"LIBR-0105-GA3","OU=LabAssist,OU=CORE,OU=LABS,OU=COMPUTERS,OU=CUSTOM,DC=SGF,DC=EDUBEAR,DC=NET","RM-CORE-SAM","3/8/2021 7:06:53 PM","True",""
"OLAB-TEST-001","OU=TEST-LABS,OU=CORE,OU=LABS,OU=COMPUTERS,OU=CUSTOM,DC=SGF,DC=EDUBEAR,DC=NET","RM-CORE-SAM","3/9/2021 7:59:15 PM","True",
"OLAB-TEST-001","OU=TEST-LABS,OU=CORE,OU=LABS,OU=COMPUTERS,OU=CUSTOM,DC=SGF,DC=EDUBEAR,DC=NET","RM-CORE-SAM","N/A","False","'OLAB-TEST-001' already exists in the AD"
"OLAB-TEST-002","OU=TEST-LABS,OU=CORE,OU=LABS,OU=COMPUTERS,OU=CUSTOM,DC=SGF,DC=EDUBEAR,DC=NET","RM-CORE-SAM","N/A","False","MAC Address is tied to OLAB-TEST-001"
"OLAB-TEST-003","OU=TEST-LABS,OU=CORE,OU=LABS,OU=COMPUTERS,OU=CUSTOM,DC=SGF,DC=EDUBEAR,DC=NET","RM-CORE-SAM","3/10/2021 1:44:37 PM","True",""
"OLAB-TEST-004","OU=TEST-LABS,OU=CORE,OU=LABS,OU=COMPUTERS,OU=CUSTOM,DC=SGF,DC=EDUBEAR,DC=NET","RM-CORE-SAM","3/10/2021 1:44:38 PM","True",""
"OLAB-TEST-005","OU=TEST-LABS,OU=CORE,OU=LABS,OU=COMPUTERS,OU=CUSTOM,DC=SGF,DC=EDUBEAR,DC=NET","RM-CORE-SAM","3/10/2021 1:44:39 PM","True",""
"DESKTOP-0BA2EP0","OU=HotSpares,OU=CORE,OU=LABS,OU=COMPUTERS,OU=CUSTOM,DC=SGF,DC=EDUBEAR,DC=NET","RM-CORE-SAM","3/10/2021 1:44:40 PM","True",""
"LIBR-0105-GA3","OU=LabAssist,OU=CORE,OU=LABS,OU=COMPUTERS,OU=CUSTOM,DC=SGF,DC=EDUBEAR,DC=NET","RM-CORE-SAM","3/10/2021 1:44:41 PM","True",""
"GLAS-0233-FT3","OU=HotSpares,OU=CORE,OU=LABS,OU=COMPUTERS,OU=CUSTOM,DC=SGF,DC=EDUBEAR,DC=NET","RM-CORE-SAM","5/10/2021 2:15:01 PM","True",
"FOR A-0250-001","OU=FORA-0250,OU=CORE,OU=LABS,OU=COMPUTERS,OU=CUSTOM,DC=SGF,DC=EDUBEAR,DC=NET","RM-CORE-SAM","5/18/2021 2:19:17 PM","True",""
"FOR A-0250-002","OU=FORA-0250,OU=CORE,OU=LABS,OU=COMPUTERS,OU=CUSTOM,DC=SGF,DC=EDUBEAR,DC=NET","RM-CORE-SAM","5/18/2021 2:19:18 PM","True",""
"FOR A-0250-003","OU=FORA-0250,OU=CORE,OU=LABS,OU=COMPUTERS,OU=CUSTOM,DC=SGF,DC=EDUBEAR,DC=NET","RM-CORE-SAM","5/18/2021 2:19:19 PM","True",""
"FOR A-0250-004","OU=FORA-0250,OU=CORE,OU=LABS,OU=COMPUTERS,OU=CUSTOM,DC=SGF,DC=EDUBEAR,DC=NET","RM-CORE-SAM","5/18/2021 2:19:20 PM","True",""
"FOR A-0250-005","OU=FORA-0250,OU=CORE,OU=LABS,OU=COMPUTERS,OU=CUSTOM,DC=SGF,DC=EDUBEAR,DC=NET","RM-CORE-SAM","5/18/2021 2:19:21 PM","True",""
"FOR A-0250-006","OU=FORA-0250,OU=CORE,OU=LABS,OU=COMPUTERS,OU=CUSTOM,DC=SGF,DC=EDUBEAR,DC=NET","RM-CORE-SAM","5/18/2021 2:19:22 PM","True",""
"FOR A-0250-007","OU=FORA-0250,OU=CORE,OU=LABS,OU=COMPUTERS,OU=CUSTOM,DC=SGF,DC=EDUBEAR,DC=NET","RM-CORE-SAM","5/18/2021 2:19:23 PM","True",""
"FOR A-0250-008","OU=FORA-0250,OU=CORE,OU=LABS,OU=COMPUTERS,OU=CUSTOM,DC=SGF,DC=EDUBEAR,DC=NET","RM-CORE-SAM","5/18/2021 2:19:24 PM","True",""
"FOR A-0250-009","OU=FORA-0250,OU=CORE,OU=LABS,OU=COMPUTERS,OU=CUSTOM,DC=SGF,DC=EDUBEAR,DC=NET","RM-CORE-SAM","5/18/2021 2:19:25 PM","True",""
"FOR A-0250-010","OU=FORA-0250,OU=CORE,OU=LABS,OU=COMPUTERS,OU=CUSTOM,DC=SGF,DC=EDUBEAR,DC=NET","RM-CORE-SAM","5/18/2021 2:19:26 PM","True",""
"FOR A-0250-011","OU=FORA-0250,OU=CORE,OU=LABS,OU=COMPUTERS,OU=CUSTOM,DC=SGF,DC=EDUBEAR,DC=NET","RM-CORE-SAM","5/18/2021 2:19:27 PM","True",""
"FOR A-0250-012","OU=FORA-0250,OU=CORE,OU=LABS,OU=COMPUTERS,OU=CUSTOM,DC=SGF,DC=EDUBEAR,DC=NET","RM-CORE-SAM","5/18/2021 2:19:28 PM","True",""
"FOR A-0250-013","OU=FORA-0250,OU=CORE,OU=LABS,OU=COMPUTERS,OU=CUSTOM,DC=SGF,DC=EDUBEAR,DC=NET","RM-CORE-SAM","5/18/2021 2:19:29 PM","True",""
"FOR A-0250-014","OU=FORA-0250,OU=CORE,OU=LABS,OU=COMPUTERS,OU=CUSTOM,DC=SGF,DC=EDUBEAR,DC=NET","RM-CORE-SAM","5/18/2021 2:19:30 PM","True",""
"FOR A-0250-015","OU=FORA-0250,OU=CORE,OU=LABS,OU=COMPUTERS,OU=CUSTOM,DC=SGF,DC=EDUBEAR,DC=NET","RM-CORE-SAM","5/18/2021 2:19:31 PM","True",""
"FOR A-0250-001","OU=FORA-0250,OU=CORE,OU=LABS,OU=COMPUTERS,OU=CUSTOM,DC=SGF,DC=EDUBEAR,DC=NET","RM-CORE-SAM","5/18/2021 2:21:30 PM","True",""
"FOR A-0250-002","OU=FORA-0250,OU=CORE,OU=LABS,OU=COMPUTERS,OU=CUSTOM,DC=SGF,DC=EDUBEAR,DC=NET","RM-CORE-SAM","5/18/2021 2:21:31 PM","True",""
"FOR A-0250-003","OU=FORA-0250,OU=CORE,OU=LABS,OU=COMPUTERS,OU=CUSTOM,DC=SGF,DC=EDUBEAR,DC=NET","RM-CORE-SAM","5/18/2021 2:21:32 PM","True",""
"FOR A-0250-004","OU=FORA-0250,OU=CORE,OU=LABS,OU=COMPUTERS,OU=CUSTOM,DC=SGF,DC=EDUBEAR,DC=NET","RM-CORE-SAM","5/18/2021 2:21:33 PM","True",""
"FOR A-0250-005","OU=FORA-0250,OU=CORE,OU=LABS,OU=COMPUTERS,OU=CUSTOM,DC=SGF,DC=EDUBEAR,DC=NET","RM-CORE-SAM","5/18/2021 2:21:34 PM","True",""
"FOR A-0250-006","OU=FORA-0250,OU=CORE,OU=LABS,OU=COMPUTERS,OU=CUSTOM,DC=SGF,DC=EDUBEAR,DC=NET","RM-CORE-SAM","5/18/2021 2:21:35 PM","True",""
"FOR A-0250-007","OU=FORA-0250,OU=CORE,OU=LABS,OU=COMPUTERS,OU=CUSTOM,DC=SGF,DC=EDUBEAR,DC=NET","RM-CORE-SAM","5/18/2021 2:21:36 PM","True",""
"FOR A-0250-008","OU=FORA-0250,OU=CORE,OU=LABS,OU=COMPUTERS,OU=CUSTOM,DC=SGF,DC=EDUBEAR,DC=NET","RM-CORE-SAM","5/18/2021 2:21:37 PM","True",""
"FOR A-0250-009","OU=FORA-0250,OU=CORE,OU=LABS,OU=COMPUTERS,OU=CUSTOM,DC=SGF,DC=EDUBEAR,DC=NET","RM-CORE-SAM","5/18/2021 2:21:38 PM","True",""
"FOR A-0250-010","OU=FORA-0250,OU=CORE,OU=LABS,OU=COMPUTERS,OU=CUSTOM,DC=SGF,DC=EDUBEAR,DC=NET","RM-CORE-SAM","5/18/2021 2:21:39 PM","True",""
"FOR A-0250-011","OU=FORA-0250,OU=CORE,OU=LABS,OU=COMPUTERS,OU=CUSTOM,DC=SGF,DC=EDUBEAR,DC=NET","RM-CORE-SAM","5/18/2021 2:21:40 PM","True",""
"FOR A-0250-012","OU=FORA-0250,OU=CORE,OU=LABS,OU=COMPUTERS,OU=CUSTOM,DC=SGF,DC=EDUBEAR,DC=NET","RM-CORE-SAM","5/18/2021 2:21:41 PM","True",""
"FOR A-0250-013","OU=FORA-0250,OU=CORE,OU=LABS,OU=COMPUTERS,OU=CUSTOM,DC=SGF,DC=EDUBEAR,DC=NET","RM-CORE-SAM","5/18/2021 2:21:42 PM","True",""
"FOR A-0250-014","OU=FORA-0250,OU=CORE,OU=LABS,OU=COMPUTERS,OU=CUSTOM,DC=SGF,DC=EDUBEAR,DC=NET","RM-CORE-SAM","5/18/2021 2:21:43 PM","True",""
"FOR A-0250-015","OU=FORA-0250,OU=CORE,OU=LABS,OU=COMPUTERS,OU=CUSTOM,DC=SGF,DC=EDUBEAR,DC=NET","RM-CORE-SAM","5/18/2021 2:21:44 PM","True",""
"FORA-0250-001","OU=FORA-0250,OU=CORE,OU=LABS,OU=COMPUTERS,OU=CUSTOM,DC=SGF,DC=EDUBEAR,DC=NET","RM-CORE-SAM","5/18/2021 2:24:10 PM","True",""
"FORA-0250-002","OU=FORA-0250,OU=CORE,OU=LABS,OU=COMPUTERS,OU=CUSTOM,DC=SGF,DC=EDUBEAR,DC=NET","RM-CORE-SAM","5/18/2021 2:24:11 PM","True",""
"FORA-0250-003","OU=FORA-0250,OU=CORE,OU=LABS,OU=COMPUTERS,OU=CUSTOM,DC=SGF,DC=EDUBEAR,DC=NET","RM-CORE-SAM","5/18/2021 2:24:12 PM","True",""
"FORA-0250-004","OU=FORA-0250,OU=CORE,OU=LABS,OU=COMPUTERS,OU=CUSTOM,DC=SGF,DC=EDUBEAR,DC=NET","RM-CORE-SAM","5/18/2021 2:24:13 PM","True",""
"FORA-0250-005","OU=FORA-0250,OU=CORE,OU=LABS,OU=COMPUTERS,OU=CUSTOM,DC=SGF,DC=EDUBEAR,DC=NET","RM-CORE-SAM","5/18/2021 2:24:14 PM","True",""
"FORA-0250-006","OU=FORA-0250,OU=CORE,OU=LABS,OU=COMPUTERS,OU=CUSTOM,DC=SGF,DC=EDUBEAR,DC=NET","RM-CORE-SAM","5/18/2021 2:24:15 PM","True",""
"FORA-0250-007","OU=FORA-0250,OU=CORE,OU=LABS,OU=COMPUTERS,OU=CUSTOM,DC=SGF,DC=EDUBEAR,DC=NET","RM-CORE-SAM","5/18/2021 2:24:16 PM","True",""
"FORA-0250-008","OU=FORA-0250,OU=CORE,OU=LABS,OU=COMPUTERS,OU=CUSTOM,DC=SGF,DC=EDUBEAR,DC=NET","RM-CORE-SAM","5/18/2021 2:24:17 PM","True",""
"FORA-0250-009","OU=FORA-0250,OU=CORE,OU=LABS,OU=COMPUTERS,OU=CUSTOM,DC=SGF,DC=EDUBEAR,DC=NET","RM-CORE-SAM","5/18/2021 2:24:18 PM","True",""
"FORA-0250-010","OU=FORA-0250,OU=CORE,OU=LABS,OU=COMPUTERS,OU=CUSTOM,DC=SGF,DC=EDUBEAR,DC=NET","RM-CORE-SAM","5/18/2021 2:24:19 PM","True",""
"FORA-0250-011","OU=FORA-0250,OU=CORE,OU=LABS,OU=COMPUTERS,OU=CUSTOM,DC=SGF,DC=EDUBEAR,DC=NET","RM-CORE-SAM","5/18/2021 2:24:20 PM","True",""
"FORA-0250-012","OU=FORA-0250,OU=CORE,OU=LABS,OU=COMPUTERS,OU=CUSTOM,DC=SGF,DC=EDUBEAR,DC=NET","RM-CORE-SAM","5/18/2021 2:24:21 PM","True",""
"FORA-0250-013","OU=FORA-0250,OU=CORE,OU=LABS,OU=COMPUTERS,OU=CUSTOM,DC=SGF,DC=EDUBEAR,DC=NET","RM-CORE-SAM","5/18/2021 2:24:22 PM","True",""
"FORA-0250-014","OU=FORA-0250,OU=CORE,OU=LABS,OU=COMPUTERS,OU=CUSTOM,DC=SGF,DC=EDUBEAR,DC=NET","RM-CORE-SAM","5/18/2021 2:24:23 PM","True",""
"FORA-0250-015","OU=FORA-0250,OU=CORE,OU=LABS,OU=COMPUTERS,OU=CUSTOM,DC=SGF,DC=EDUBEAR,DC=NET","RM-CORE-SAM","5/18/2021 2:24:24 PM","True",""
"LIBR-CLAW-K01","OU=LIBR-0114,OU=CORE,OU=LABS,OU=COMPUTERS,OU=CUSTOM,DC=SGF,DC=EDUBEAR,DC=NET","RM-CORE-SAM","5/20/2021 1:17:04 PM","True",
"LIBR-CLAW-K02","OU=LIBR-0114,OU=CORE,OU=LABS,OU=COMPUTERS,OU=CUSTOM,DC=SGF,DC=EDUBEAR,DC=NET","RM-CORE-SAM","5/20/2021 1:17:42 PM","True",
"SCUF-SERV-001","OU=HotSpares,OU=CORE,OU=LABS,OU=COMPUTERS,OU=CUSTOM,DC=SGF,DC=EDUBEAR,DC=NET","RM-CORE-SAM","5/27/2021 10:31:23 AM","True",
"ARCADIA","OU=HotSpares,OU=CORE,OU=LABS,OU=COMPUTERS,OU=CUSTOM,DC=SGF,DC=EDUBEAR,DC=NET","RM-CORE-SAM","5/27/2021 10:49:49 AM","True",
"RAPTURE","OU=HotSpares,OU=CORE,OU=LABS,OU=COMPUTERS,OU=CUSTOM,DC=SGF,DC=EDUBEAR,DC=NET","RM-CORE-SAM","5/27/2021 10:56:49 AM","True",
"LIBR-0103-GA1","OU=LabAssist,OU=CORE,OU=LABS,OU=COMPUTERS,OU=CUSTOM,DC=SGF,DC=EDUBEAR,DC=NET","RM-CORE-SAM","6/1/2021 11:09:52 AM","True",
"LIBR-0103-GA2","OU=LabAssist,OU=CORE,OU=LABS,OU=COMPUTERS,OU=CUSTOM,DC=SGF,DC=EDUBEAR,DC=NET","RM-CORE-SAM","6/1/2021 11:15:15 AM","True",
"KARL-0231-001","OU=KARL-0231,OU=CORE,OU=LABS,OU=COMPUTERS,OU=CUSTOM,DC=SGF,DC=EDUBEAR,DC=NET","RM-CORE-SAM","N/A","False","MAC Address is tied to PLSU-0111-03a"
"KARL-0231-002","OU=KARL-0231,OU=CORE,OU=LABS,OU=COMPUTERS,OU=CUSTOM,DC=SGF,DC=EDUBEAR,DC=NET","RM-CORE-SAM","6/18/2021 10:01:17 AM","True",""
"KARL-0231-005","OU=KARL-0231,OU=CORE,OU=LABS,OU=COMPUTERS,OU=CUSTOM,DC=SGF,DC=EDUBEAR,DC=NET","RM-CORE-SAM","N/A","False","MAC Address is tied to PLSU-0111-04a"
"KARL-0231-006","OU=KARL-0231,OU=CORE,OU=LABS,OU=COMPUTERS,OU=CUSTOM,DC=SGF,DC=EDUBEAR,DC=NET","RM-CORE-SAM","6/18/2021 10:01:19 AM","True",""
"KARL-0231-007","OU=KARL-0231,OU=CORE,OU=LABS,OU=COMPUTERS,OU=CUSTOM,DC=SGF,DC=EDUBEAR,DC=NET","RM-CORE-SAM","N/A","False","MAC Address is tied to PLSU-0111-06a"
"KARL-0231-010","OU=KARL-0231,OU=CORE,OU=LABS,OU=COMPUTERS,OU=CUSTOM,DC=SGF,DC=EDUBEAR,DC=NET","RM-CORE-SAM","6/18/2021 10:01:21 AM","True",""
"KARL-0231-011","OU=KARL-0231,OU=CORE,OU=LABS,OU=COMPUTERS,OU=CUSTOM,DC=SGF,DC=EDUBEAR,DC=NET","RM-CORE-SAM","6/18/2021 10:01:22 AM","True",""
"KARL-0231-012","OU=KARL-0231,OU=CORE,OU=LABS,OU=COMPUTERS,OU=CUSTOM,DC=SGF,DC=EDUBEAR,DC=NET","RM-CORE-SAM","6/18/2021 10:01:23 AM","True",""
"KARL-0231-013","OU=KARL-0231,OU=CORE,OU=LABS,OU=COMPUTERS,OU=CUSTOM,DC=SGF,DC=EDUBEAR,DC=NET","RM-CORE-SAM","N/A","False","MAC Address is tied to PLSU-0111-05a"
"KARL-0231-014","OU=KARL-0231,OU=CORE,OU=LABS,OU=COMPUTERS,OU=CUSTOM,DC=SGF,DC=EDUBEAR,DC=NET","RM-CORE-SAM","N/A","False","MAC Address is tied to LIBR-0105-101"
"KARL-0231-001","OU=KARL-0231,OU=CORE,OU=LABS,OU=COMPUTERS,OU=CUSTOM,DC=SGF,DC=EDUBEAR,DC=NET","RM-CORE-SAM","6/18/2021 10:02:44 AM","True",""
"KARL-0231-002","OU=KARL-0231,OU=CORE,OU=LABS,OU=COMPUTERS,OU=CUSTOM,DC=SGF,DC=EDUBEAR,DC=NET","RM-CORE-SAM","N/A","False","'KARL-0231-002' already exists in the AD;MAC Address is tied to KARL-0231-002"
"KARL-0231-005","OU=KARL-0231,OU=CORE,OU=LABS,OU=COMPUTERS,OU=CUSTOM,DC=SGF,DC=EDUBEAR,DC=NET","RM-CORE-SAM","6/18/2021 10:02:46 AM","True",""
"KARL-0231-006","OU=KARL-0231,OU=CORE,OU=LABS,OU=COMPUTERS,OU=CUSTOM,DC=SGF,DC=EDUBEAR,DC=NET","RM-CORE-SAM","N/A","False","'KARL-0231-006' already exists in the AD;MAC Address is tied to KARL-0231-006"
"KARL-0231-007","OU=KARL-0231,OU=CORE,OU=LABS,OU=COMPUTERS,OU=CUSTOM,DC=SGF,DC=EDUBEAR,DC=NET","RM-CORE-SAM","6/18/2021 10:02:48 AM","True",""
"KARL-0231-010","OU=KARL-0231,OU=CORE,OU=LABS,OU=COMPUTERS,OU=CUSTOM,DC=SGF,DC=EDUBEAR,DC=NET","RM-CORE-SAM","N/A","False","'KARL-0231-010' already exists in the AD;MAC Address is tied to KARL-0231-010"
"KARL-0231-011","OU=KARL-0231,OU=CORE,OU=LABS,OU=COMPUTERS,OU=CUSTOM,DC=SGF,DC=EDUBEAR,DC=NET","RM-CORE-SAM","N/A","False","'KARL-0231-011' already exists in the AD;MAC Address is tied to KARL-0231-011"
"KARL-0231-012","OU=KARL-0231,OU=CORE,OU=LABS,OU=COMPUTERS,OU=CUSTOM,DC=SGF,DC=EDUBEAR,DC=NET","RM-CORE-SAM","N/A","False","'KARL-0231-012' already exists in the AD;MAC Address is tied to KARL-0231-012"
"KARL-0231-013","OU=KARL-0231,OU=CORE,OU=LABS,OU=COMPUTERS,OU=CUSTOM,DC=SGF,DC=EDUBEAR,DC=NET","RM-CORE-SAM","6/18/2021 10:02:52 AM","True",""
"KARL-0231-014","OU=KARL-0231,OU=CORE,OU=LABS,OU=COMPUTERS,OU=CUSTOM,DC=SGF,DC=EDUBEAR,DC=NET","RM-CORE-SAM","6/18/2021 10:02:53 AM","True",""
"KARL-0231-003","OU=KARL-0231,OU=CORE,OU=LABS,OU=COMPUTERS,OU=CUSTOM,DC=SGF,DC=EDUBEAR,DC=NET","RM-CORE-SAM","6/18/2021 10:43:08 AM","True",""
"KARL-0231-004","OU=KARL-0231,OU=CORE,OU=LABS,OU=COMPUTERS,OU=CUSTOM,DC=SGF,DC=EDUBEAR,DC=NET","RM-CORE-SAM","6/18/2021 10:43:09 AM","True",""
"KARL-0231-008","OU=KARL-0231,OU=CORE,OU=LABS,OU=COMPUTERS,OU=CUSTOM,DC=SGF,DC=EDUBEAR,DC=NET","RM-CORE-SAM","6/18/2021 10:43:10 AM","True",""
"KARL-0231-009","OU=KARL-0231,OU=CORE,OU=LABS,OU=COMPUTERS,OU=CUSTOM,DC=SGF,DC=EDUBEAR,DC=NET","RM-CORE-SAM","6/18/2021 10:43:11 AM","True",""
"FORA-001","OU=ASSA,OU=CORE,OU=LABS,OU=COMPUTERS,OU=CUSTOM,DC=SGF,DC=EDUBEAR,DC=NET","RM-CORE-SAM","7/19/2021 7:39:59 PM","True",
"FORA-002","OU=ASSA,OU=CORE,OU=LABS,OU=COMPUTERS,OU=CUSTOM,DC=SGF,DC=EDUBEAR,DC=NET","RM-CORE-SAM","7/19/2021 8:25:59 PM","True",
"FORA-003","OU=ASSA,OU=CORE,OU=LABS,OU=COMPUTERS,OU=CUSTOM,DC=SGF,DC=EDUBEAR,DC=NET","RM-CORE-SAM","7/19/2021 8:26:23 PM","True",
"FORA-004","OU=ASSA,OU=CORE,OU=LABS,OU=COMPUTERS,OU=CUSTOM,DC=SGF,DC=EDUBEAR,DC=NET","RM-CORE-SAM","7/19/2021 8:26:42 PM","True",
"FORA-005","OU=ASSA,OU=CORE,OU=LABS,OU=COMPUTERS,OU=CUSTOM,DC=SGF,DC=EDUBEAR,DC=NET","RM-CORE-SAM","7/19/2021 8:27:00 PM","True",
"FORA-006","OU=ASSA,OU=CORE,OU=LABS,OU=COMPUTERS,OU=CUSTOM,DC=SGF,DC=EDUBEAR,DC=NET","RM-CORE-SAM","7/19/2021 8:27:17 PM","True",
"FORA-007","OU=ASSA,OU=CORE,OU=LABS,OU=COMPUTERS,OU=CUSTOM,DC=SGF,DC=EDUBEAR,DC=NET","RM-CORE-SAM","7/19/2021 8:27:32 PM","True",
"FORA-001","OU=HotSpares,OU=CORE,OU=LABS,OU=COMPUTERS,OU=CUSTOM,DC=SGF,DC=EDUBEAR,DC=NET","RM-CORE-SAM","8/25/2021 9:25:21 PM","True",
"LIBR-0105-051","OU=West Computers,OU=LIBR-0105,OU=CORE,OU=LABS,OU=COMPUTERS,OU=CUSTOM,DC=SGF,DC=EDUBEAR,DC=NET","RM-CORE-SAM","11/30/2021 4:20:15 PM","True",
"LIBR-0103-FT1","OU=HotSpares,OU=CORE,OU=LABS,OU=COMPUTERS,OU=CUSTOM,DC=SGF,DC=EDUBEAR,DC=NET","RM-CORE-SAM","12/8/2021 9:18:00 PM","True",
"LIBR-0103-FT2","OU=HotSpares,OU=CORE,OU=LABS,OU=COMPUTERS,OU=CUSTOM,DC=SGF,DC=EDUBEAR,DC=NET","RM-CORE-SAM","12/8/2021 9:18:55 PM","True",
"CHEK-0135-001","OU=CHEK-0135,OU=CORE,OU=LABS,OU=COMPUTERS,OU=CUSTOM,DC=SGF,DC=EDUBEAR,DC=NET",,"12/9/2021 8:20:36 PM","True",""
"CHEK-0135-002","OU=CHEK-0135,OU=CORE,OU=LABS,OU=COMPUTERS,OU=CUSTOM,DC=SGF,DC=EDUBEAR,DC=NET",,"N/A","False","MAC Address is tied to PROF0199-02"
"CHEK-0135-003","OU=CHEK-0135,OU=CORE,OU=LABS,OU=COMPUTERS,OU=CUSTOM,DC=SGF,DC=EDUBEAR,DC=NET",,"12/9/2021 8:20:38 PM","True",""
"CHEK-0135-004","OU=CHEK-0135,OU=CORE,OU=LABS,OU=COMPUTERS,OU=CUSTOM,DC=SGF,DC=EDUBEAR,DC=NET",,"N/A","False","MAC Address is tied to PROF0199-01"
"CHEK-0135-005","OU=CHEK-0135,OU=CORE,OU=LABS,OU=COMPUTERS,OU=CUSTOM,DC=SGF,DC=EDUBEAR,DC=NET",,"N/A","False","MAC Address is tied to PROF0226-02"
"CHEK-0135-006","OU=CHEK-0135,OU=CORE,OU=LABS,OU=COMPUTERS,OU=CUSTOM,DC=SGF,DC=EDUBEAR,DC=NET",,"12/9/2021 8:20:39 PM","True",""
"CHEK-0135-007","OU=CHEK-0135,OU=CORE,OU=LABS,OU=COMPUTERS,OU=CUSTOM,DC=SGF,DC=EDUBEAR,DC=NET",,"12/9/2021 8:20:40 PM","True",""
"CHEK-0135-008","OU=CHEK-0135,OU=CORE,OU=LABS,OU=COMPUTERS,OU=CUSTOM,DC=SGF,DC=EDUBEAR,DC=NET",,"N/A","False","MAC Address is tied to Alum0502-01"
"CHEK-0135-009","OU=CHEK-0135,OU=CORE,OU=LABS,OU=COMPUTERS,OU=CUSTOM,DC=SGF,DC=EDUBEAR,DC=NET",,"12/9/2021 8:20:41 PM","True",""
"CHEK-0135-010","OU=CHEK-0135,OU=CORE,OU=LABS,OU=COMPUTERS,OU=CUSTOM,DC=SGF,DC=EDUBEAR,DC=NET",,"N/A","False","MAC Address is tied to PROF0328-01"
"CHEK-0135-011","OU=CHEK-0135,OU=CORE,OU=LABS,OU=COMPUTERS,OU=CUSTOM,DC=SGF,DC=EDUBEAR,DC=NET",,"12/9/2021 8:20:42 PM","True",""
"CHEK-0135-012","OU=CHEK-0135,OU=CORE,OU=LABS,OU=COMPUTERS,OU=CUSTOM,DC=SGF,DC=EDUBEAR,DC=NET",,"N/A","False","MAC Address is tied to CHHS-SCUF-TEST"
"CHEK-0135-013","OU=CHEK-0135,OU=CORE,OU=LABS,OU=COMPUTERS,OU=CUSTOM,DC=SGF,DC=EDUBEAR,DC=NET",,"12/9/2021 8:20:43 PM","True",""
"CHEK-0135-014","OU=CHEK-0135,OU=CORE,OU=LABS,OU=COMPUTERS,OU=CUSTOM,DC=SGF,DC=EDUBEAR,DC=NET",,"N/A","False","MAC Address is tied to KGSX0100-03"
"BEARCLAW-001","OU=LIBR-0114,OU=CORE,OU=LABS,OU=COMPUTERS,OU=CUSTOM,DC=SGF,DC=EDUBEAR,DC=NET",,"12/9/2021 8:20:44 PM","True",""
"BEARCLAW-002","OU=LIBR-0114,OU=CORE,OU=LABS,OU=COMPUTERS,OU=CUSTOM,DC=SGF,DC=EDUBEAR,DC=NET",,"12/9/2021 8:20:45 PM","True",""
"BEARCLAW-003","OU=LIBR-0114,OU=CORE,OU=LABS,OU=COMPUTERS,OU=CUSTOM,DC=SGF,DC=EDUBEAR,DC=NET",,"N/A","False","MAC Address is tied to Alum0502-03"
"BEARCLAW-004","OU=LIBR-0114,OU=CORE,OU=LABS,OU=COMPUTERS,OU=CUSTOM,DC=SGF,DC=EDUBEAR,DC=NET",,"N/A","False","MAC Address is tied to PROF0328-10"
"BEARCLAW-005","OU=LIBR-0114,OU=CORE,OU=LABS,OU=COMPUTERS,OU=CUSTOM,DC=SGF,DC=EDUBEAR,DC=NET",,"N/A","False","MAC Address is tied to PROF0328-03"
"BEARCLAW-006","OU=LIBR-0114,OU=CORE,OU=LABS,OU=COMPUTERS,OU=CUSTOM,DC=SGF,DC=EDUBEAR,DC=NET",,"12/9/2021 8:20:46 PM","True",""
"BEARCLAW-007","OU=LIBR-0114,OU=CORE,OU=LABS,OU=COMPUTERS,OU=CUSTOM,DC=SGF,DC=EDUBEAR,DC=NET",,"12/9/2021 8:20:47 PM","True",""
"BEARCLAW-008","OU=LIBR-0114,OU=CORE,OU=LABS,OU=COMPUTERS,OU=CUSTOM,DC=SGF,DC=EDUBEAR,DC=NET",,"N/A","False","MAC Address is tied to PROF0328-04"
"BEARCLAW-009","OU=LIBR-0114,OU=CORE,OU=LABS,OU=COMPUTERS,OU=CUSTOM,DC=SGF,DC=EDUBEAR,DC=NET",,"12/9/2021 8:20:48 PM","True",""
"BEARCLAW-010","OU=LIBR-0114,OU=CORE,OU=LABS,OU=COMPUTERS,OU=CUSTOM,DC=SGF,DC=EDUBEAR,DC=NET",,"12/9/2021 8:20:49 PM","True",""
"BEARCLAW-011","OU=LIBR-0114,OU=CORE,OU=LABS,OU=COMPUTERS,OU=CUSTOM,DC=SGF,DC=EDUBEAR,DC=NET",,"12/9/2021 8:20:49 PM","True",""
"BEARCLAW-012","OU=LIBR-0114,OU=CORE,OU=LABS,OU=COMPUTERS,OU=CUSTOM,DC=SGF,DC=EDUBEAR,DC=NET",,"N/A","False","MAC Address is tied to MCDA0100-01"
"BEARCLAW-013","OU=LIBR-0114,OU=CORE,OU=LABS,OU=COMPUTERS,OU=CUSTOM,DC=SGF,DC=EDUBEAR,DC=NET",,"12/9/2021 8:20:50 PM","True",""
"BEARCLAW-014","OU=LIBR-0114,OU=CORE,OU=LABS,OU=COMPUTERS,OU=CUSTOM,DC=SGF,DC=EDUBEAR,DC=NET",,"N/A","False","MAC Address is tied to PROF0145-06"
"BEARCLAW-015","OU=LIBR-0114,OU=CORE,OU=LABS,OU=COMPUTERS,OU=CUSTOM,DC=SGF,DC=EDUBEAR,DC=NET",,"N/A","False","MAC Address is tied to Alum0502-05"
"BEARCLAW-016","OU=LIBR-0114,OU=CORE,OU=LABS,OU=COMPUTERS,OU=CUSTOM,DC=SGF,DC=EDUBEAR,DC=NET",,"N/A","False","MAC Address is tied to Alum0502-04"
"BEARCLAW-017","OU=LIBR-0114,OU=CORE,OU=LABS,OU=COMPUTERS,OU=CUSTOM,DC=SGF,DC=EDUBEAR,DC=NET",,"12/9/2021 8:20:52 PM","True",""
"BEARCLAW-018","OU=LIBR-0114,OU=CORE,OU=LABS,OU=COMPUTERS,OU=CUSTOM,DC=SGF,DC=EDUBEAR,DC=NET",,"12/9/2021 8:20:53 PM","True",""
"BEARCLAW-019","OU=LIBR-0114,OU=CORE,OU=LABS,OU=COMPUTERS,OU=CUSTOM,DC=SGF,DC=EDUBEAR,DC=NET",,"12/9/2021 8:20:54 PM","True",""
"BEARCLAW-020","OU=LIBR-0114,OU=CORE,OU=LABS,OU=COMPUTERS,OU=CUSTOM,DC=SGF,DC=EDUBEAR,DC=NET",,"12/9/2021 8:20:55 PM","True",""
"BEARCLAW-021","OU=LIBR-0114,OU=CORE,OU=LABS,OU=COMPUTERS,OU=CUSTOM,DC=SGF,DC=EDUBEAR,DC=NET",,"12/9/2021 8:20:55 PM","True",""
"BEARCLAW-022","OU=LIBR-0114,OU=CORE,OU=LABS,OU=COMPUTERS,OU=CUSTOM,DC=SGF,DC=EDUBEAR,DC=NET",,"12/9/2021 8:20:56 PM","True",""
"BEARCLAW-023","OU=LIBR-0114,OU=CORE,OU=LABS,OU=COMPUTERS,OU=CUSTOM,DC=SGF,DC=EDUBEAR,DC=NET",,"12/9/2021 8:20:56 PM","True",""
"BEARCLAW-024","OU=LIBR-0114,OU=CORE,OU=LABS,OU=COMPUTERS,OU=CUSTOM,DC=SGF,DC=EDUBEAR,DC=NET",,"12/9/2021 8:20:57 PM","True",""
"BEARCLAW-025","OU=LIBR-0114,OU=CORE,OU=LABS,OU=COMPUTERS,OU=CUSTOM,DC=SGF,DC=EDUBEAR,DC=NET",,"12/9/2021 8:20:58 PM","True",""
"BEARCLAW-026","OU=LIBR-0114,OU=CORE,OU=LABS,OU=COMPUTERS,OU=CUSTOM,DC=SGF,DC=EDUBEAR,DC=NET",,"12/9/2021 8:20:58 PM","True",""
"BEARCLAW-027","OU=LIBR-0114,OU=CORE,OU=LABS,OU=COMPUTERS,OU=CUSTOM,DC=SGF,DC=EDUBEAR,DC=NET",,"N/A","False","MAC Address is tied to CLAW-0114-014"
"BEARCLAW-028","OU=LIBR-0114,OU=CORE,OU=LABS,OU=COMPUTERS,OU=CUSTOM,DC=SGF,DC=EDUBEAR,DC=NET",,"N/A","False","MAC Address is tied to CLAW-0114-009"
"BEARCLAW-029","OU=LIBR-0114,OU=CORE,OU=LABS,OU=COMPUTERS,OU=CUSTOM,DC=SGF,DC=EDUBEAR,DC=NET",,"N/A","False","MAC Address is tied to CLAW-0114-013"
"BEARCLAW-030","OU=LIBR-0114,OU=CORE,OU=LABS,OU=COMPUTERS,OU=CUSTOM,DC=SGF,DC=EDUBEAR,DC=NET",,"N/A","False","MAC Address is tied to CLAW-0114-012"
"AD TESTING","OU=HotSpares,OU=CORE,OU=LABS,OU=COMPUTERS,OU=CUSTOM,DC=SGF,DC=EDUBEAR,DC=NET","RM-CORE-SAM","12/12/2021 3:42:42 PM","True",
"DELETEME","OU=TEST-LABS,OU=CORE,OU=LABS,OU=COMPUTERS,OU=CUSTOM,DC=SGF,DC=EDUBEAR,DC=NET",,"12/12/2021 10:44:34 PM","True",
"CHEK-0135-001","OU=CHEK-0135,OU=CORE,OU=LABS,OU=COMPUTERS,OU=CUSTOM,DC=SGF,DC=EDUBEAR,DC=NET",,"N/A","False","'CHEK-0135-001' already exists in the AD;MAC Address is tied to CHEK-0135-001"
"CHEK-0135-002","OU=CHEK-0135,OU=CORE,OU=LABS,OU=COMPUTERS,OU=CUSTOM,DC=SGF,DC=EDUBEAR,DC=NET",,"N/A","False","'CHEK-0135-002' already exists in the AD;MAC Address is tied to CHEK-0135-002"
"CHEK-0135-003","OU=CHEK-0135,OU=CORE,OU=LABS,OU=COMPUTERS,OU=CUSTOM,DC=SGF,DC=EDUBEAR,DC=NET",,"N/A","False","'CHEK-0135-003' already exists in the AD;MAC Address is tied to CHEK-0135-003"
"CHEK-0135-004","OU=CHEK-0135,OU=CORE,OU=LABS,OU=COMPUTERS,OU=CUSTOM,DC=SGF,DC=EDUBEAR,DC=NET",,"N/A","False","'CHEK-0135-004' already exists in the AD;MAC Address is tied to CHEK-0135-004"
"CHEK-0135-005","OU=CHEK-0135,OU=CORE,OU=LABS,OU=COMPUTERS,OU=CUSTOM,DC=SGF,DC=EDUBEAR,DC=NET",,"N/A","False","'CHEK-0135-005' already exists in the AD;MAC Address is tied to CHEK-0135-005"
"CHEK-0135-006","OU=CHEK-0135,OU=CORE,OU=LABS,OU=COMPUTERS,OU=CUSTOM,DC=SGF,DC=EDUBEAR,DC=NET",,"N/A","False","'CHEK-0135-006' already exists in the AD;MAC Address is tied to CHEK-0135-006"
"CHEK-0135-007","OU=CHEK-0135,OU=CORE,OU=LABS,OU=COMPUTERS,OU=CUSTOM,DC=SGF,DC=EDUBEAR,DC=NET",,"N/A","False","'CHEK-0135-007' already exists in the AD;MAC Address is tied to CHEK-0135-007"
"CHEK-0135-008","OU=CHEK-0135,OU=CORE,OU=LABS,OU=COMPUTERS,OU=CUSTOM,DC=SGF,DC=EDUBEAR,DC=NET",,"12/12/2021 11:01:14 PM","True",""
"CHEK-0135-009","OU=CHEK-0135,OU=CORE,OU=LABS,OU=COMPUTERS,OU=CUSTOM,DC=SGF,DC=EDUBEAR,DC=NET",,"12/12/2021 11:01:15 PM","True",""
"CHEK-0135-010","OU=CHEK-0135,OU=CORE,OU=LABS,OU=COMPUTERS,OU=CUSTOM,DC=SGF,DC=EDUBEAR,DC=NET",,"12/12/2021 11:01:16 PM","True",""
"CHEK-0135-011","OU=CHEK-0135,OU=CORE,OU=LABS,OU=COMPUTERS,OU=CUSTOM,DC=SGF,DC=EDUBEAR,DC=NET",,"12/12/2021 11:01:16 PM","True",""
"CHEK-0135-012","OU=CHEK-0135,OU=CORE,OU=LABS,OU=COMPUTERS,OU=CUSTOM,DC=SGF,DC=EDUBEAR,DC=NET",,"12/12/2021 11:01:17 PM","True",""
"CHEK-0135-013","OU=CHEK-0135,OU=CORE,OU=LABS,OU=COMPUTERS,OU=CUSTOM,DC=SGF,DC=EDUBEAR,DC=NET",,"12/12/2021 11:01:17 PM","True",""
"CHEK-0135-014","OU=CHEK-0135,OU=CORE,OU=LABS,OU=COMPUTERS,OU=CUSTOM,DC=SGF,DC=EDUBEAR,DC=NET",,"12/12/2021 11:01:18 PM","True",""
"BEARCLAW-001","OU=LIBR-0114,OU=CORE,OU=LABS,OU=COMPUTERS,OU=CUSTOM,DC=SGF,DC=EDUBEAR,DC=NET",,"12/12/2021 11:01:18 PM","True",""
"BEARCLAW-002","OU=LIBR-0114,OU=CORE,OU=LABS,OU=COMPUTERS,OU=CUSTOM,DC=SGF,DC=EDUBEAR,DC=NET",,"12/12/2021 11:01:19 PM","True",""
"BEARCLAW-003","OU=LIBR-0114,OU=CORE,OU=LABS,OU=COMPUTERS,OU=CUSTOM,DC=SGF,DC=EDUBEAR,DC=NET",,"12/12/2021 11:01:19 PM","True",""
"BEARCLAW-004","OU=LIBR-0114,OU=CORE,OU=LABS,OU=COMPUTERS,OU=CUSTOM,DC=SGF,DC=EDUBEAR,DC=NET",,"12/12/2021 11:01:20 PM","True",""
"BEARCLAW-005","OU=LIBR-0114,OU=CORE,OU=LABS,OU=COMPUTERS,OU=CUSTOM,DC=SGF,DC=EDUBEAR,DC=NET",,"12/12/2021 11:01:21 PM","True",""
"BEARCLAW-006","OU=LIBR-0114,OU=CORE,OU=LABS,OU=COMPUTERS,OU=CUSTOM,DC=SGF,DC=EDUBEAR,DC=NET",,"12/12/2021 11:01:21 PM","True",""
"BEARCLAW-007","OU=LIBR-0114,OU=CORE,OU=LABS,OU=COMPUTERS,OU=CUSTOM,DC=SGF,DC=EDUBEAR,DC=NET",,"12/12/2021 11:01:22 PM","True",""
"BEARCLAW-008","OU=LIBR-0114,OU=CORE,OU=LABS,OU=COMPUTERS,OU=CUSTOM,DC=SGF,DC=EDUBEAR,DC=NET",,"12/12/2021 11:01:23 PM","True",""
"BEARCLAW-009","OU=LIBR-0114,OU=CORE,OU=LABS,OU=COMPUTERS,OU=CUSTOM,DC=SGF,DC=EDUBEAR,DC=NET",,"12/12/2021 11:01:23 PM","True",""
"BEARCLAW-010","OU=LIBR-0114,OU=CORE,OU=LABS,OU=COMPUTERS,OU=CUSTOM,DC=SGF,DC=EDUBEAR,DC=NET",,"12/12/2021 11:01:24 PM","True",""
"BEARCLAW-011","OU=LIBR-0114,OU=CORE,OU=LABS,OU=COMPUTERS,OU=CUSTOM,DC=SGF,DC=EDUBEAR,DC=NET",,"12/12/2021 11:01:25 PM","True",""
"BEARCLAW-012","OU=LIBR-0114,OU=CORE,OU=LABS,OU=COMPUTERS,OU=CUSTOM,DC=SGF,DC=EDUBEAR,DC=NET",,"12/12/2021 11:01:25 PM","True",""
"BEARCLAW-013","OU=LIBR-0114,OU=CORE,OU=LABS,OU=COMPUTERS,OU=CUSTOM,DC=SGF,DC=EDUBEAR,DC=NET",,"12/12/2021 11:01:26 PM","True",""
"BEARCLAW-014","OU=LIBR-0114,OU=CORE,OU=LABS,OU=COMPUTERS,OU=CUSTOM,DC=SGF,DC=EDUBEAR,DC=NET",,"N/A","False","MAC Address is tied to PROF0145-06"
"BEARCLAW-015","OU=LIBR-0114,OU=CORE,OU=LABS,OU=COMPUTERS,OU=CUSTOM,DC=SGF,DC=EDUBEAR,DC=NET",,"12/12/2021 11:01:27 PM","True",""
"BEARCLAW-016","OU=LIBR-0114,OU=CORE,OU=LABS,OU=COMPUTERS,OU=CUSTOM,DC=SGF,DC=EDUBEAR,DC=NET",,"12/12/2021 11:01:28 PM","True",""
"BEARCLAW-017","OU=LIBR-0114,OU=CORE,OU=LABS,OU=COMPUTERS,OU=CUSTOM,DC=SGF,DC=EDUBEAR,DC=NET",,"12/12/2021 11:01:28 PM","True",""
"BEARCLAW-018","OU=LIBR-0114,OU=CORE,OU=LABS,OU=COMPUTERS,OU=CUSTOM,DC=SGF,DC=EDUBEAR,DC=NET",,"12/12/2021 11:01:28 PM","True",""
"BEARCLAW-019","OU=LIBR-0114,OU=CORE,OU=LABS,OU=COMPUTERS,OU=CUSTOM,DC=SGF,DC=EDUBEAR,DC=NET",,"12/12/2021 11:01:29 PM","True",""
"BEARCLAW-020","OU=LIBR-0114,OU=CORE,OU=LABS,OU=COMPUTERS,OU=CUSTOM,DC=SGF,DC=EDUBEAR,DC=NET",,"12/12/2021 11:01:29 PM","True",""
"BEARCLAW-021","OU=LIBR-0114,OU=CORE,OU=LABS,OU=COMPUTERS,OU=CUSTOM,DC=SGF,DC=EDUBEAR,DC=NET",,"12/12/2021 11:01:30 PM","True",""
"BEARCLAW-022","OU=LIBR-0114,OU=CORE,OU=LABS,OU=COMPUTERS,OU=CUSTOM,DC=SGF,DC=EDUBEAR,DC=NET",,"12/12/2021 11:01:30 PM","True",""
"BEARCLAW-023","OU=LIBR-0114,OU=CORE,OU=LABS,OU=COMPUTERS,OU=CUSTOM,DC=SGF,DC=EDUBEAR,DC=NET",,"12/12/2021 11:01:30 PM","True",""
"BEARCLAW-024","OU=LIBR-0114,OU=CORE,OU=LABS,OU=COMPUTERS,OU=CUSTOM,DC=SGF,DC=EDUBEAR,DC=NET",,"12/12/2021 11:01:31 PM","True",""
"BEARCLAW-025","OU=LIBR-0114,OU=CORE,OU=LABS,OU=COMPUTERS,OU=CUSTOM,DC=SGF,DC=EDUBEAR,DC=NET",,"12/12/2021 11:01:31 PM","True",""
"BEARCLAW-026","OU=LIBR-0114,OU=CORE,OU=LABS,OU=COMPUTERS,OU=CUSTOM,DC=SGF,DC=EDUBEAR,DC=NET",,"12/12/2021 11:01:32 PM","True",""
"BEARCLAW-027","OU=LIBR-0114,OU=CORE,OU=LABS,OU=COMPUTERS,OU=CUSTOM,DC=SGF,DC=EDUBEAR,DC=NET",,"N/A","False","MAC Address is tied to CLAW-0114-014"
"BEARCLAW-028","OU=LIBR-0114,OU=CORE,OU=LABS,OU=COMPUTERS,OU=CUSTOM,DC=SGF,DC=EDUBEAR,DC=NET",,"N/A","False","MAC Address is tied to CLAW-0114-009"
"BEARCLAW-029","OU=LIBR-0114,OU=CORE,OU=LABS,OU=COMPUTERS,OU=CUSTOM,DC=SGF,DC=EDUBEAR,DC=NET",,"N/A","False","MAC Address is tied to CLAW-0114-013"
"BEARCLAW-030","OU=LIBR-0114,OU=CORE,OU=LABS,OU=COMPUTERS,OU=CUSTOM,DC=SGF,DC=EDUBEAR,DC=NET",,"N/A","False","MAC Address is tied to CLAW-0114-012"
"LIBR-0109A-010","OU=TRIO,OU=CORE,OU=LABS,OU=COMPUTERS,OU=CUSTOM,DC=SGF,DC=EDUBEAR,DC=NET","RM-CORE-SAM","12/12/2021 11:09:31 PM","True",""
"LIBR-0109A-011","OU=TRIO,OU=CORE,OU=LABS,OU=COMPUTERS,OU=CUSTOM,DC=SGF,DC=EDUBEAR,DC=NET","RM-CORE-SAM","12/12/2021 11:09:32 PM","True",""
"LIBR-0109A-012","OU=TRIO,OU=CORE,OU=LABS,OU=COMPUTERS,OU=CUSTOM,DC=SGF,DC=EDUBEAR,DC=NET","RM-CORE-SAM","12/12/2021 11:09:33 PM","True",""
"LIBR-0109A-013","OU=TRIO,OU=CORE,OU=LABS,OU=COMPUTERS,OU=CUSTOM,DC=SGF,DC=EDUBEAR,DC=NET","RM-CORE-SAM","12/12/2021 11:09:34 PM","True",""
"DELETEME-01","OU=TEST-LABS,OU=CORE,OU=LABS,OU=COMPUTERS,OU=CUSTOM,DC=SGF,DC=EDUBEAR,DC=NET","RM-CORE-SAM","12/12/2021 11:19:26 PM","True",""
"DELETEME-02","OU=TEST-LABS,OU=CORE,OU=LABS,OU=COMPUTERS,OU=CUSTOM,DC=SGF,DC=EDUBEAR,DC=NET","RM-CORE-SAM","12/12/2021 11:19:28 PM","True",""
"DELETEME-03","OU=TEST-LABS,OU=CORE,OU=LABS,OU=COMPUTERS,OU=CUSTOM,DC=SGF,DC=EDUBEAR,DC=NET","RM-CORE-SAM","12/12/2021 11:19:29 PM","True",""
"DELETEME-04","OU=TEST-LABS,OU=CORE,OU=LABS,OU=COMPUTERS,OU=CUSTOM,DC=SGF,DC=EDUBEAR,DC=NET","RM-CORE-SAM","12/12/2021 11:19:30 PM","True",""
"DELETEME-01","OU=ALUM-0208,OU=CORE,OU=LABS,OU=COMPUTERS,OU=CUSTOM,DC=SGF,DC=EDUBEAR,DC=NET","RM-CORE-SAM","12/14/2021 3:56:21 PM","True",""
"DELETEME-02","OU=ALUM-0208,OU=CORE,OU=LABS,OU=COMPUTERS,OU=CUSTOM,DC=SGF,DC=EDUBEAR,DC=NET","RM-CORE-SAM","12/14/2021 3:56:22 PM","True",""
"DELETEME-03","OU=ALUM-0208,OU=CORE,OU=LABS,OU=COMPUTERS,OU=CUSTOM,DC=SGF,DC=EDUBEAR,DC=NET","RM-CORE-SAM","12/14/2021 3:56:23 PM","True",""
"DELETEME-04","OU=ALUM-0208,OU=CORE,OU=LABS,OU=COMPUTERS,OU=CUSTOM,DC=SGF,DC=EDUBEAR,DC=NET","RM-CORE-SAM","12/14/2021 3:56:25 PM","True",""
"DELETEME-05","OU=TEST-LABS,OU=CORE,OU=LABS,OU=COMPUTERS,OU=CUSTOM,DC=SGF,DC=EDUBEAR,DC=NET","RM-CORE-SAM","12/15/2021 11:10:03 PM","True",
"DELETEME-06","OU=TEST-LABS,OU=CORE,OU=LABS,OU=COMPUTERS,OU=CUSTOM,DC=SGF,DC=EDUBEAR,DC=NET","RM-CORE-SAM","12/15/2021 11:10:24 PM","True",
"DELETEME-05","OU=TEST-LABS,OU=CORE,OU=LABS,OU=COMPUTERS,OU=CUSTOM,DC=SGF,DC=EDUBEAR,DC=NET","RM-CORE-SAM","12/15/2021 11:38:51 PM","True",
"DELETEME-05","OU=TEST-LABS,OU=CORE,OU=LABS,OU=COMPUTERS,OU=CUSTOM,DC=SGF,DC=EDUBEAR,DC=NET","RM-CORE-SAM","12/16/2021 12:02:24 AM","True",
"DELETE-05","OU=HotSpares,OU=CORE,OU=LABS,OU=COMPUTERS,OU=CUSTOM,DC=SGF,DC=EDUBEAR,DC=NET","RM-CORE-SAM","12/16/2021 1:26:28 AM","True",
"DELETE-06","OU=HotSpares,OU=CORE,OU=LABS,OU=COMPUTERS,OU=CUSTOM,DC=SGF,DC=EDUBEAR,DC=NET","RM-CORE-SAM","12/16/2021 1:27:25 AM","True",
